-- db name must be "ccinfomdb" while user is "root" and password is "12345678"
CREATE DATABASE ccinfomdb;
USE ccinfomdb;

DROP TABLE IF EXISTS MaintenanceTracker;
DROP TABLE IF EXISTS ActivityLog;
DROP TABLE IF EXISTS OrderEntries;
DROP TABLE IF EXISTS KitchenOrderTicket;
DROP TABLE IF EXISTS MenuItems;
DROP TABLE IF EXISTS Equipments;
DROP TABLE IF EXISTS KitchenStaff;
DROP TABLE IF EXISTS KitchenStations;

-- 1. Kitchen Stations
CREATE TABLE KitchenStations (
    StationID INT PRIMARY KEY,
    StationName VARCHAR(50) NOT NULL,
    StationDescription VARCHAR(255)
);

-- 2. Menu Items
CREATE TABLE MenuItems (
    ItemID INT PRIMARY KEY,
    StationID INT,
    ItemName VARCHAR(50) NOT NULL,
    PricePerItem DOUBLE NOT NULL,
    ItemDescription VARCHAR(100) NOT NULL,
    FOREIGN KEY (StationID) REFERENCES KitchenStations(StationID)
);

-- 3. Kitchen Staff
CREATE TABLE KitchenStaff (
    StaffID INT PRIMARY KEY AUTO_INCREMENT,
    UserID VARCHAR(50),
    FirstName VARCHAR(50) NOT NULL,
    LastName VARCHAR(50) NOT NULL,
    Role VARCHAR(50),
    EmploymentStatus ENUM('Active', 'On Leave', 'Resigned') DEFAULT 'Active'
);

-- 4. Kitchen Order Ticket
CREATE TABLE KitchenOrderTicket (
    KotID INT PRIMARY KEY AUTO_INCREMENT,
    CustomerName VARCHAR(100) NOT NULL,
    OrderNumber VARCHAR(50) NOT NULL,
    TableNumber INT,
    OrderType ENUM('Dine In', 'Takeout') NOT NULL,
    PaymentMethod VARCHAR(50),
    OrderTime TIME NOT NULL DEFAULT (CURRENT_TIME()),
    OrderDate DATE NOT NULL DEFAULT (CURRENT_DATE()),
    OrderDetails TEXT
);

-- 5. Order Entries
CREATE TABLE OrderEntries (
    KOTItemID INT PRIMARY KEY AUTO_INCREMENT,
    KotID INT NOT NULL,
    ItemID INT NOT NULL,
    PreparedBy INT,
    Quantity INT,
    CookingNotes VARCHAR(100),
    OrderStatus ENUM('In The Kitchen', 'Completed') DEFAULT 'In The Kitchen',
    PreparationTime TIME,
    TimeCompleted DATETIME,
    OrderDate DATE, -- added column
    FOREIGN KEY (KotID) REFERENCES KitchenOrderTicket(KotID),
    FOREIGN KEY (ItemID) REFERENCES MenuItems(ItemID),
    FOREIGN KEY (PreparedBy) REFERENCES KitchenStaff(StaffID)
);

-- Trigger to copy OrderDate from KitchenOrderTicket when inserting
DELIMITER //
CREATE TRIGGER copy_orderdate_to_orderentries
BEFORE INSERT ON OrderEntries
FOR EACH ROW
BEGIN
    DECLARE od DATE;
    SELECT OrderDate INTO od FROM KitchenOrderTicket WHERE KotID = NEW.KotID;
    SET NEW.OrderDate = od;
END;
//
DELIMITER ;

-- 6. Activity Log
CREATE TABLE ActivityLog (
    UsageID INT PRIMARY KEY AUTO_INCREMENT,
    KotID INT NOT NULL,
    OrderEntryID INT NOT NULL,
    ItemID INT,
    Quantity INT NOT NULL,
    StationID INT,
    UsageTime DATETIME,
    FOREIGN KEY (KotID) REFERENCES KitchenOrderTicket(KotID),
    FOREIGN KEY (OrderEntryID) REFERENCES OrderEntries(KOTItemID),
    FOREIGN KEY (ItemID) REFERENCES MenuItems(ItemID),
    FOREIGN KEY (StationID) REFERENCES KitchenStations(StationID)
);

-- 7. Equipments
CREATE TABLE Equipments (
    EquipmentID INT PRIMARY KEY,
    EquipmentName VARCHAR(100) NOT NULL,
    Category VARCHAR(50),
    Brand VARCHAR(50),
    Description VARCHAR(255),
    SupplierName VARCHAR(100),
    ContactNumber VARCHAR(20),
    EmailAddress VARCHAR(100)
);

-- 8. Maintenance Tracker
CREATE TABLE MaintenanceTracker (
    ReportID INT PRIMARY KEY AUTO_INCREMENT,
    EquipmentID INT NOT NULL,
    IssueType VARCHAR(50),
    Priority ENUM('Low', 'Medium', 'High') DEFAULT 'Medium',
    ReportDate DATE NOT NULL DEFAULT (CURRENT_DATE()),
    Status ENUM('In Progress', 'Resolved') DEFAULT 'In Progress',
    MaintenanceDate DATE,
    MaintenanceCost DOUBLE,
    Description TEXT,
    ReportedBy INT,
    FOREIGN KEY (EquipmentID) REFERENCES Equipments(EquipmentID),
    FOREIGN KEY (ReportedBy) REFERENCES KitchenStaff(StaffID)
);

-- randomize staff 
DELIMITER //
CREATE TRIGGER random_preparedby
BEFORE INSERT ON OrderEntries
FOR EACH ROW
BEGIN
    DECLARE randomStaff INT;
    SELECT StaffID INTO randomStaff
    FROM KitchenStaff
    WHERE Role IN ("Head Chef", "Assistant Chef", "Cook")
    AND EmploymentStatus = 'Active'
    ORDER BY RAND()
    LIMIT 1;
    SET NEW.PreparedBy = randomStaff;
END;
//
DELIMITER ;


INSERT INTO Kitchenstations (stationID, stationName, stationDescription)
VALUES
('1001', 'Grill Station', 'Used for grilling meats, burgers, and seafood'),
('1002', 'Fryer Station', 'Used for deep frying items such as fries, nuggets, and tempura'),
('1003', 'Salad Station', 'Used for preparing salads, fruits, and cold appetizers'),
('1004', 'Soup Station', 'Used for preparing soups, stews, and broths'),
('1005', 'Beverage Station', 'Used for preparing and serving drinks, coffee, and smoothies'),
('1006', 'Dessert Station', 'Used for plating and decorating desserts and pastries'),
('1007', 'Sandwich Station', 'Used for assembling sandwiches, wraps, and paninis'),
('1008', 'Pizza Station', 'Used for baking pizzas and flatbreads with various toppings'),
('1009', 'Pasta Station', 'Used for cooking and plating pasta dishes'),
('1010', 'Cleaning Station', 'Used for cleaning utensils, dishes, and trays'),
('1011', 'Griddle Station', 'Used for cooking pancakes, eggs, and breakfast foods'),
('1012', 'BBQ Station', 'Used for barbecue-style items and open flame grilling'),
('1013', 'Wok Station', 'Used for stir-fry dishes, noodles, and Asian cuisine'),
('1014', 'Steam Station', 'Used for steaming dumplings, vegetables, and buns'),
('1015', 'Prep Station', 'Used for ingredient preparation and portioning'),
('1016', 'Cold Cuts Station', 'Used for slicing meats, cheeses, and deli ingredients'),
('1017', 'Bakery Station', 'Used for baking bread, muffins, and cakes'),
('1018', 'Toppings Station', 'Used for adding sauces, garnishes, and condiments'),
('1019', 'Oven Station', 'Used for roasting and baking large dishes'),
('1020', 'Storage Station', 'Used for temporary holding of ingredients before use');


INSERT INTO MenuItems (ItemID, ItemName, PricePerItem, ItemDescription, StationID)
VALUES
('2001', 'Grilled Chicken Sandwich', 155.00, 'Grilled chicken breast sandwich with lettuce and mayo', '1001'),
('2002', 'BBQ Pork Ribs', 250.00, 'Slow-cooked pork ribs with BBQ glaze', '1012'),
('2003', 'Beef Burger', 180.00, 'Classic burger with cheese, tomato, and lettuce', '1001'),
('2004', 'Fish and Chips', 170.00, 'Crispy battered fish with fries', '1002'),
('2005', 'French Fries', 85.00, 'Golden fried potato strips', '1002'),
('2006', 'Onion Rings', 90.00, 'Deep fried onion rings with seasoning', '1002'),
('2007', 'Caesar Salad', 120.00, 'Romaine lettuce, croutons, and Caesar dressing', '1003'),
('2008', 'Greek Salad', 130.00, 'Fresh veggies with feta cheese and olive oil', '1003'),
('2009', 'Chicken Noodle Soup', 110.00, 'Warm chicken soup with noodles', '1004'),
('2010', 'Mushroom Soup', 115.00, 'Creamy mushroom soup', '1004'),
('2011', 'Chocolate Cake', 95.00, 'Moist chocolate cake slice', '1006'),
('2012', 'Vanilla Cupcake', 70.00, 'Soft cupcake with vanilla frosting', '1006'),
('2013', 'Iced Coffee', 65.00, 'Cold brewed coffee with milk', '1005'),
('2014', 'Lemon Iced Tea', 60.00, 'Refreshing iced tea with lemon', '1005'),
('2015', 'Margherita Pizza', 220.00, 'Classic cheese and tomato pizza', '1008'),
('2016', 'Pepperoni Pizza', 240.00, 'Pizza topped with mozzarella and pepperoni', '1008'),
('2017', 'Spaghetti Bolognese', 195.00, 'Pasta with meat sauce and parmesan cheese', '1009'),
('2018', 'Carbonara', 200.00, 'Creamy pasta with bacon and egg sauce', '1009'),
('2019', 'Pancakes', 140.00, 'Fluffy pancakes with syrup', '1011'),
('2020', 'Scrambled Eggs', 90.00, 'Lightly seasoned scrambled eggs', '1011'),
('2021', 'Chicken Wrap', 150.00, 'Grilled chicken wrap with vegetables', '1007'),
('2022', 'Tuna Sandwich', 130.00, 'Tuna salad sandwich with mayo', '1007'),
('2023', 'Fried Rice', 110.00, 'Rice stir-fried with vegetables and egg', '1013'),
('2024', 'Sweet and Sour Pork', 185.00, 'Crispy pork in sweet and sour sauce', '1013'),
('2025', 'Steamed Dumplings', 160.00, 'Dumplings filled with pork and cabbage', '1014'),
('2026', 'Steamed Buns', 90.00, 'Soft buns filled with sweet red bean paste', '1014'),
('2027', 'Garlic Bread', 80.00, 'Toasted bread with garlic butter', '1017'),
('2028', 'Croissant', 100.00, 'Buttery flaky French pastry', '1017'),
('2029', 'Roast Chicken', 240.00, 'Oven-roasted chicken with herbs', '1019'),
('2030', 'Lasagna', 230.00, 'Layered pasta with meat and cheese', '1019');


INSERT INTO KitchenStaff (StaffID, UserID, FirstName, LastName, Role, EmploymentStatus)
VALUES
('3001', 'john.williams', 'John', 'Williams', 'Head Chef', 'Active'),
('3002', 'maria.santos', 'Maria', 'Santos', 'Head Chef', 'Active'),
('3003', 'leo.reyes', 'Leo', 'Reyes', 'Assistant Head Chef', 'Active'),
('3004', 'angel.diaz', 'Angel', 'Diaz', 'Assistant Head Chef', 'Active'),
('3005', 'karen.lim', 'Karen', 'Lim', 'Assistant Head Chef', 'Active'),
('3006', 'paul.garcia', 'Paul', 'Garcia', 'Assistant Head Chef', 'Active'),
('3007', 'ryan.tan', 'Ryan', 'Tan', 'Cook', 'Active'),
('3008', 'ella.cruz', 'Ella', 'Cruz', 'Cook', 'Active'),
('3009', 'joshua.lee', 'Joshua', 'Lee', 'Cook', 'Active'),
('3010', 'sophia.ong', 'Sophia', 'Ong', 'Cook', 'Active'),
('3011', 'andrew.delacruz', 'Andrew', 'Dela Cruz', 'Cook', 'Active'),
('3012', 'michelle.go', 'Michelle', 'Go', 'Cook', 'Active'),
('3013', 'daniel.chua', 'Daniel', 'Chua', 'Cook', 'Active'),
('3014', 'nina.lopez', 'Nina', 'Lopez', 'Cook', 'Active'),
('3015', 'patrick.gomez', 'Patrick', 'Gomez', 'Server', 'Active'),
('3016', 'oliver.chan', 'Oliver', 'Chan', 'Server', 'Active'),
('3017', 'emily.rodriguez', 'Emily', 'Rodriguez', 'Server', 'Active'),
('3018', 'charles.yu', 'Charles', 'Yu', 'Server', 'Active'),
('3019', 'rachel.fernandez', 'Rachel', 'Fernandez', 'Server', 'Active'),
('3020', 'brian.mendoza', 'Brian', 'Mendoza', 'Cleaner', 'Active');

INSERT INTO Equipments (EquipmentID, EquipmentName, Category, Brand, Description, SupplierName, ContactNumber, EmailAddress)
VALUES
('4001', 'Deep Fryer', 'Cooking Equipment', 'Philips', 'Used for frying fries, nuggets, and other items', 'J&J Kitchen Supplies', '0917-222-1111', 'sales@jjkitchen.com'),
('4002', 'Grill Machine', 'Cooking Equipment', 'Imarflex', 'Used for grilling burgers, steaks, and sandwiches', 'Metro Kitchen Co.', '0920-555-8888', 'support@metrokitchen.ph'),
('4003', 'Refrigerator', 'Refrigeration', 'LG', 'Used for storing perishable goods', 'ColdTech Corp.', '0919-888-7777', 'service@coldtech.com'),
('4004', 'Oven', 'Cooking Equipment', 'La Germania', 'Used for baking and roasting dishes', 'Appliance Depot', '0999-222-3333', 'info@appliancedepot.ph'),
('4005', 'Blender', 'Beverage Equipment', 'Oster', 'Used for making smoothies and shakes', 'Fresh Drinks Supply', '0918-333-4444', 'inquiry@fdsupply.com'),
('4006', 'Coffee Maker', 'Beverage Equipment', 'DeLonghi', 'Used for brewing coffee and espresso', 'BrewTech Distribution', '0917-666-7890', 'contact@brewtech.com'),
('4007', 'Microwave Oven', 'Cooking Equipment', 'Sharp', 'Used for reheating and defrosting food', 'Modern Appliance Center', '0921-888-9000', 'sales@modernappliance.com'),
('4008', 'Dishwasher', 'Cleaning Equipment', 'Whirlpool', 'Used for cleaning dishes automatically', 'EcoClean Systems', '0935-777-1212', 'support@ecoclean.com'),
('4009', 'Mixer', 'Baking Equipment', 'KitchenAid', 'Used for mixing doughs and batters', 'BakeMart Inc.', '0948-222-8899', 'service@bakemart.com'),
('4010', 'Rice Cooker', 'Cooking Equipment', 'Panasonic', 'Used for cooking rice and keeping it warm', 'Asian Kitchen Supply', '0922-777-5555', 'orders@asiankitchen.ph'),
('4011', 'Freezer', 'Refrigeration', 'Samsung', 'Used for freezing meat and seafood', 'ColdTech Corp.', '0919-888-7777', 'service@coldtech.com'),
('4012', 'Food Processor', 'Preparation Equipment', 'Cuisinart', 'Used for slicing, dicing, and chopping vegetables', 'KitchenWorks PH', '0917-909-1111', 'hello@kitchenworks.com'),
('4013', 'Toaster', 'Cooking Equipment', 'Breville', 'Used for toasting bread and pastries', 'Appliance Depot', '0999-222-3333', 'info@appliancedepot.ph'),
('4014', 'Steam Cooker', 'Cooking Equipment', 'Tefal', 'Used for steaming dumplings and vegetables', 'Asian Kitchen Supply', '0922-777-5555', 'orders@asiankitchen.ph'),
('4015', 'Electric Kettle', 'Beverage Equipment', 'Russell Hobbs', 'Used for boiling water quickly', 'Fresh Drinks Supply', '0918-333-4444', 'inquiry@fdsupply.com'),
('4016', 'Ice Machine', 'Refrigeration', 'Hoshizaki', 'Used for producing ice cubes for beverages', 'CoolServe Distributors', '0930-555-9911', 'support@coolserve.com'),
('4017', 'Convection Oven', 'Cooking Equipment', 'Electrolux', 'Used for baking with even heat distribution', 'Metro Kitchen Co.', '0920-555-8888', 'support@metrokitchen.ph'),
('4018', 'Griddle', 'Cooking Equipment', 'Imarflex', 'Used for cooking pancakes, eggs, and bacon', 'J&J Kitchen Supplies', '0917-222-1111', 'sales@jjkitchen.com'),
('4019', 'Water Dispenser', 'Beverage Equipment', 'Fujidenzo', 'Used for dispensing hot and cold water', 'Fresh Drinks Supply', '0918-333-4444', 'inquiry@fdsupply.com'),
('4020', 'Meat Slicer', 'Preparation Equipment', 'Chef’s Choice', 'Used for slicing meat and deli products', 'KitchenWorks PH', '0917-909-1111', 'hello@kitchenworks.com');


-- --- STEP 1: REMOVE OLD DATA ---
SET FOREIGN_KEY_CHECKS = 0;
TRUNCATE TABLE MaintenanceTracker;
SET FOREIGN_KEY_CHECKS = 1;

-- --- STEP 2: SET NEW STARTING ID ---
ALTER TABLE MaintenanceTracker AUTO_INCREMENT = 5001;

INSERT INTO MaintenanceTracker 
(EquipmentID, IssueType, Status, Priority, ReportDate, MaintenanceDate, MaintenanceCost, Description, ReportedBy) 
VALUES

(4001, 'Repair', 'Resolved', 'Medium', '2019-01-10', '2019-01-11', 2000.00, 'Initial setup calibration.', 3001),
(4002, 'Cleaning', 'Resolved', 'Low', '2019-03-15', '2019-03-15', 500.00, 'Scheduled deep clean.', 3003),
(4003, 'Repair', 'Resolved', 'High', '2019-06-01', '2019-06-03', 3000.00, 'Igniter replacement.', 3002),
(4004, 'Repair', 'Resolved', 'Medium', '2019-09-20', '2019-09-22', 1000.00, 'Leaking steam wand.', 3001),
(4005, 'Cleaning', 'Resolved', 'Low', '2019-11-11', '2019-11-11', 400.00, 'Sanitization cycle.', 3005),
(4001, 'Cleaning', 'Resolved', 'Low', '2020-01-15', '2020-01-15', 1000.00, 'Full degrease and clean.', 3005),
(4002, 'Repair', 'Resolved', 'High', '2020-02-20', '2020-02-22', 7000.00, 'Compressor failure.', 3001),
(4003, 'Cleaning', 'Resolved', 'Low', '2020-03-01', '2020-03-01', 750.00, 'Oil change and filter clean.', 3002),
(4004, 'Repair', 'Resolved', 'Medium', '2020-04-10', '2020-04-11', 1200.00, 'Grinder alignment.', 3003),
(4005, 'Repair', 'Resolved', 'Medium', '2020-06-15', '2020-06-16', 2200.00, 'Gearbox inspection.', 3003),
(4001, 'Repair', 'Resolved', 'Medium', '2020-07-07', '2020-07-08', 1500.00, 'Broken door hinge.', 3001),
(4003, 'Repair', 'Resolved', 'High', '2020-09-01', '2020-09-03', 3200.00, 'Thermostat replacement.', 3002),
(4002, 'Cleaning', 'Resolved', 'Low', '2020-10-10', '2020-10-10', 800.00, 'Ice buildup removal.', 3005),
(4004, 'Cleaning', 'Resolved', 'Low', '2020-11-05', '2020-11-05', 600.00, 'Descale cycle.', 3001),
(4001, 'Cleaning', 'Resolved', 'Low', '2020-12-28', '2020-12-28', 1000.00, 'End of year deep clean.', 3005),
(4003, 'Repair', 'Resolved', 'Medium', '2021-01-15', '2021-01-16', 1800.00, 'Ignition pilot light out.', 3002),
(4005, 'Cleaning', 'Resolved', 'Low', '2021-02-01', '2021-02-01', 500.00, 'Dough residue in motor.', 3003),
(4002, 'Repair', 'Resolved', 'Medium', '2021-03-10', '2021-03-11', 2800.00, 'Door seal replacement.', 3001),
(4004, 'Repair', 'Resolved', 'High', '2021-04-05', '2021-04-07', 4500.00, 'Water pump replacement.', 3003),
(4001, 'Repair', 'Resolved', 'Medium', '2021-05-20', '2021-05-21', 2100.00, 'Faulty thermostat.', 3001),
(4003, 'Cleaning', 'Resolved', 'Low', '2021-06-15', '2021-06-15', 750.00, 'Filter cleanout.', 3002),
(4002, 'Cleaning', 'Resolved', 'Low', '2021-07-20', '2021-07-20', 800.00, 'Defrost and clean.', 3005),
(4005, 'Repair', 'Resolved', 'Medium', '2021-08-10', '2021-08-11', 2400.00, 'Gearbox slipping.', 3003),
(4004, 'Cleaning', 'Resolved', 'Low', '2021-09-01', '2021-09-01', 600.00, 'Descale cycle.', 3001),
(4001, 'Cleaning', 'Resolved', 'Low', '2021-10-15', '2021-10-15', 1000.00, 'Full degrease.', 3005),
(4003, 'Repair', 'Resolved', 'High', '2021-11-01', '2021-11-03', 3800.00, 'Heating element failed.', 3002),
(4002, 'Repair', 'Resolved', 'Medium', '2021-12-05', '2021-12-06', 2900.00, 'Broken shelf support.', 3001),
(4004, 'Repair', 'Resolved', 'Medium', '2022-01-20', '2022-01-21', 1300.00, 'Steam wand O-rings replacement.', 3003),
(4005, 'Repair', 'Resolved', 'High', '2022-02-10', '2022-02-12', 5500.00, 'Motor replacement.', 3003),
(4001, 'Repair', 'Resolved', 'Medium', '2022-03-15', '2022-03-16', 1600.00, 'Gas knob loose.', 3001),
(4003, 'Cleaning', 'Resolved', 'Low', '2022-04-01', '2022-04-01', 750.00, 'Oil change and filter clean.', 3002),
(4002, 'Cleaning', 'Resolved', 'Low', '2022-05-10', '2022-05-10', 800.00, 'Defrost and clean interior.', 3005),
(4004, 'Cleaning', 'Resolved', 'Low', '2022-06-05', '2022-06-05', 600.00, 'Descale cycle.', 3001),
(4003, 'Repair', 'Resolved', 'High', '2022-07-15', '2022-07-17', 4000.00, 'Basket lift motor failed.', 3002),
(4001, 'Cleaning', 'Resolved', 'Low', '2022-08-20', '2022-08-20', 1000.00, 'Full degrease.', 3005),
(4005, 'Cleaning', 'Resolved', 'Low', '2022-09-10', '2022-09-10', 500.00, 'Sanitization.', 3003),
(4002, 'Repair', 'Resolved', 'High', '2022-10-01', '2022-10-04', 8000.00, 'New compressor.', 3001),
(4004, 'Repair', 'Resolved', 'Medium', '2022-11-15', '2022-11-16', 1400.00, 'Portafilter handle cracked.', 3003),
(4003, 'Repair', 'Resolved', 'Medium', '2022-12-20', '2022-12-21', 1900.00, 'Ignition pilot light out.', 3002),
(4001, 'Cleaning', 'Resolved', 'Low', '2023-01-10', '2023-01-10', 1000.00, 'Quarterly deep clean.', 3005),
(4002, 'Repair', 'Resolved', 'Medium', '2023-01-25', '2023-01-26', 3100.00, 'Door seal replacement.', 3001),
(4005, 'Repair', 'Resolved', 'Medium', '2023-02-05', '2023-02-06', 2300.00, 'Whining noise from motor.', 3003),
(4004, 'Cleaning', 'Resolved', 'Low', '2023-02-20', '2023-02-20', 600.00, 'Descale cycle.', 3001),
(4003, 'Repair', 'Resolved', 'High', '2023-03-01', '2023-03-03', 3500.00, 'Heating element failed.', 3002),
(4001, 'Repair', 'Resolved', 'Medium', '2023-03-15', '2023-03-16', 1700.00, 'Faulty temperature gauge.', 3001),
(4002, 'Cleaning', 'Resolved', 'Low', '2023-04-10', '2023-04-10', 800.00, 'Defrost and sanitize.', 3005),
(4004, 'Replacement', 'Resolved', 'High', '2023-05-01', '2023-05-03', 35000.00, 'Main grinder unit failed. Replaced.', 3003),
(4003, 'Cleaning', 'Resolved', 'Low', '2023-05-15', '2023-05-15', 750.00, 'Oil change and deep clean.', 3002),
(4005, 'Cleaning', 'Resolved', 'Low', '2023-06-20', '2023-06-20', 500.00, 'Sanitization cycle.', 3003),
(4001, 'Cleaning', 'Resolved', 'Low', '2023-07-10', '2023-07-10', 1000.00, 'Full degrease and clean.', 3005),
(4002, 'Repair', 'Resolved', 'High', '2023-08-05', '2023-08-07', 7200.00, 'Compressor shorted out.', 3001),
(4004, 'Repair', 'Resolved', 'Medium', '2023-08-20', '2023-08-21', 1300.00, 'Leaking water pump.', 3001),
(4003, 'Repair', 'Resolved', 'High', '2023-09-15', '2023-09-17', 3900.00, 'Heating element failed again.', 3002),
(4005, 'Repair', 'Resolved', 'Medium', '2023-10-10', '2023-10-11', 2500.00, 'Gearbox slipping.', 3003),
(4001, 'Repair', 'Resolved', 'Medium', '2023-11-01', '2023-11-02', 2200.00, 'Thermostat inaccurate.', 3001),
(4002, 'Cleaning', 'Resolved', 'Low', '2023-11-20', '2023-11-20', 800.00, 'Ice buildup on vents.', 3005),
(4004, 'Cleaning', 'Resolved', 'Low', '2023-12-10', '2023-12-10', 600.00, 'Descale cycle.', 3001),
(4003, 'Repair', 'Resolved', 'Medium', '2023-12-22', '2023-12-23', 1800.00, 'Ignition pilot light out.', 3002),
(4001, 'Repair', 'Resolved', 'Medium', '2024-01-10', '2024-01-11', 2100.00, 'Door hinge broken.', 3003),
(4005, 'Cleaning', 'Resolved', 'Low', '2024-01-22', '2024-01-22', 500.00, 'Dough residue in motor.', 3003),
(4003, 'Repair', 'Resolved', 'High', '2024-02-01', '2024-02-03', 4200.00, 'Oil thermostat not accurate.', 3002),
(4002, 'Repair', 'In Progress', 'High', '2024-02-15', NULL, NULL, 'Compressor making loud noise.', 3001),
(4004, 'Cleaning', 'Resolved', 'Low', '2024-02-20', '2024-02-20', 600.00, 'Descale cycle needed.', 3005),
(4003, 'Repair', 'Resolved', 'Medium', '2024-03-10', '2024-03-11', 1800.00, 'Ignition pilot light out.', 3002),
(4001, 'Cleaning', 'Resolved', 'Low', '2024-03-25', '2024-03-25', 1000.00, 'Full degrease and clean.', 3005),
(4004, 'Replacement', 'Resolved', 'High', '2024-04-10', '2024-04-15', 35000.00, 'Main grinder unit failed. Replaced.', 3001),
(4005, 'Repair', 'Resolved', 'Medium', '2024-04-12', '2024-04-13', 2500.00, 'Gearbox slipping.', 3003),
(4002, 'Repair', 'Resolved', 'High', '2024-05-01', '2024-05-03', 7500.00, 'Replaced faulty compressor from Feb.', 3001),
(4003, 'Cleaning', 'Resolved', 'Low', '2024-05-15', '2024-05-15', 750.00, 'Deep clean of filter basket.', 3005),
(4004, 'Repair', 'In Progress', 'Medium', '2024-06-20', NULL, NULL, 'Portafilter handle cracked.', 3002),
(4001, 'Repair', 'Resolved', 'Medium', '2024-07-02', '2024-07-03', 1800.00, 'Igniter not working.', 3002),
(4003, 'Repair', 'Resolved', 'High', '2024-08-01', '2024-08-03', 3900.00, 'Heating element failed again.', 3002),
(4004, 'Others (In Description)', 'Resolved', 'Medium', '2024-08-15', '2024-08-16', 1300.00, 'Fixed cracked portafilter handle.', 3001),
(4002, 'Cleaning', 'Resolved', 'Low', '2024-09-10', '2024-09-10', 800.00, 'Defrost and clean interior.', 3005),
(4005, 'Repair', 'In Progress', 'Medium', '2024-09-30', NULL, NULL, 'Loud whining noise from motor.', 3003),
(4001, 'Repair', 'Resolved', 'Medium', '2024-10-05', '2024-10-06', 2200.00, 'Thermostat inaccurate.', 3001),
(4003, 'Cleaning', 'Resolved', 'Low', '2024-10-15', '2024-10-15', 750.00, 'Filter cleanout.', 3005),
(4004, 'Repair', 'Resolved', 'Medium', '2024-11-11', '2024-11-12', 1500.00, 'Water pump leaking.', 3002),
(4002, 'Repair', 'Resolved', 'Medium', '2024-12-01', '2024-12-02', 3000.00, 'Door seal replacement.', 3001),
(4003, 'Repair', 'Resolved', 'High', '2024-12-20', '2024-12-22', 4500.00, 'Basket lift motor failed.', 3003),
(4004, 'Others (In Description)', 'Resolved', 'Medium', '2025-01-05', '2025-01-06', 1500.00, 'Unknown water leak investigation.', 3001),
(4001, 'Cleaning', 'Resolved', 'Low', '2025-01-15', '2025-01-15', 1000.00, 'Full degrease and clean.', 3005),
(4005, 'Repair', 'Resolved', 'Medium', '2025-02-10', '2025-02-11', 2200.00, 'Replaced motor brushes.', 3003),
(4003, 'Repair', 'In Progress', 'High', '2025-03-01', NULL, NULL, 'Oil not heating again.', 3002),
(4002, 'Cleaning', 'Resolved', 'Low', '2025-03-20', '2025-03-20', 800.00, 'Defrost and clean interior.', 3005),
(4004, 'Repair', 'Resolved', 'Low', '2025-04-10', '2025-04-10', 700.00, 'Replaced steam wand O-rings.', 3001),
(4001, 'Repair', 'In Progress', 'Medium', '2025-05-15', NULL, NULL, 'Gas smell when preheating.', 3002),
(4003, 'Replacement', 'Resolved', 'High', '2025-05-20', '2025-05-25', 65000.00, 'Fryer unit cracked. Replaced.', 3001),
(4004, 'Cleaning', 'Resolved', 'Low', '2025-06-05', '2025-06-05', 600.00, 'Descale cycle.', 3005),
(4005, 'Repair', 'Resolved', 'Medium', '2025-07-20', '2025-07-21', 2750.00, 'Mixing arm seized.', 3003),
(4002, 'Repair', 'Resolved', 'High', '2025-08-01', '2025-08-03', 8500.00, 'Replaced faulty compressor.', 3001),
(4001, 'Repair', 'Resolved', 'Medium', '2025-08-15', '2025-08-16', 1900.00, 'Fixed gas leak, replaced valve.', 3002),
(4003, 'Cleaning', 'In Progress', 'Low', '2025-09-01', NULL, NULL, 'New fryer needs first clean.', 3005),
(4004, 'Repair', 'Resolved', 'Medium', '2025-09-15', '2025-09-16', 1800.00, 'Control board unresponsive.', 3003),
(4002, 'Repair', 'In Progress', 'High', '2025-10-10', NULL, NULL, 'Freezer not holding temp.', 3001),
(4005, 'Cleaning', 'Resolved', 'Low', '2025-10-20', '2025-10-20', 500.00, 'Cleaned mixing hook.', 3003),
(4004, 'Cleaning', 'In Progress', 'Low', '2025-11-10', NULL, NULL, 'Milk frother clogged.', 3005),
(4001, 'Repair', 'Resolved', 'Medium', '2020-02-10', '2020-02-11', 2100.00, 'Door hinge broken.', 3003),
(4005, 'Cleaning', 'Resolved', 'Low', '2020-02-22', '2020-02-22', 500.00, 'Dough residue in motor.', 3003),
(4003, 'Repair', 'Resolved', 'High', '2020-03-01', '2020-03-03', 4200.00, 'Oil thermostat not accurate.', 3002),
(4002, 'Repair', 'In Progress', 'High', '2020-03-15', NULL, NULL, 'Compressor making loud noise.', 3001),
(4004, 'Cleaning', 'Resolved', 'Low', '2020-03-20', '2020-03-20', 600.00, 'Descale cycle needed.', 3005),
(4003, 'Repair', 'Resolved', 'Medium', '2020-04-10', '2020-04-11', 1800.00, 'Ignition pilot light out.', 3002),
(4001, 'Cleaning', 'Resolved', 'Low', '2020-04-25', '2020-04-25', 1000.00, 'Full degrease and clean.', 3005),
(4004, 'Replacement', 'Resolved', 'High', '2020-05-10', '2020-05-15', 35000.00, 'Main grinder unit failed. Replaced.', 3001),
(4005, 'Repair', 'Resolved', 'Medium', '2020-05-12', '2020-05-13', 2500.00, 'Gearbox slipping.', 3003),
(4002, 'Repair', 'Resolved', 'High', '2020-06-01', '2020-06-03', 7500.00, 'Replaced faulty compressor.', 3001),
(4003, 'Cleaning', 'Resolved', 'Low', '2020-06-15', '2020-06-15', 750.00, 'Deep clean of filter basket.', 3005),
(4004, 'Repair', 'In Progress', 'Medium', '2020-07-20', NULL, NULL, 'Portafilter handle cracked.', 3002),
(4001, 'Repair', 'Resolved', 'Medium', '2020-08-02', '2020-08-03', 1800.00, 'Igniter not working.', 3002),
(4003, 'Repair', 'Resolved', 'High', '2020-09-01', '2020-09-03', 3900.00, 'Heating element failed again.', 3002),
(4004, 'Others (In Description)', 'Resolved', 'Medium', '2020-09-15', '2020-09-16', 1300.00, 'Fixed cracked portafilter handle.', 3001),
(4002, 'Cleaning', 'Resolved', 'Low', '2020-10-10', '2020-10-10', 800.00, 'Defrost and clean interior.', 3005),
(4005, 'Repair', 'In Progress', 'Medium', '2020-10-30', NULL, NULL, 'Loud whining noise from motor.', 3003),
(4001, 'Repair', 'Resolved', 'Medium', '2020-11-05', '2020-11-06', 2200.00, 'Thermostat inaccurate.', 3001),
(4003, 'Cleaning', 'Resolved', 'Low', '2020-11-15', '2020-11-15', 750.00, 'Filter cleanout.', 3005),
(4004, 'Repair', 'Resolved', 'Medium', '2020-12-11', '2020-12-12', 1500.00, 'Water pump leaking.', 3002),
(4002, 'Repair', 'Resolved', 'Medium', '2021-01-01', '2021-01-02', 3000.00, 'Door seal replacement.', 3001),
(4003, 'Repair', 'Resolved', 'High', '2021-01-20', '2021-01-22', 4500.00, 'Basket lift motor failed.', 3003),
(4004, 'Others (In Description)', 'Resolved', 'Medium', '2021-02-05', '2021-02-06', 1500.00, 'Unknown water leak investigation.', 3001),
(4001, 'Cleaning', 'Resolved', 'Low', '2021-02-15', '2021-02-15', 1000.00, 'Full degrease and clean.', 3005),
(4005, 'Repair', 'Resolved', 'Medium', '2021-03-10', '2021-03-11', 2200.00, 'Replaced motor brushes.', 3003),
(4003, 'Repair', 'In Progress', 'High', '2021-04-01', NULL, NULL, 'Oil not heating again.', 3002),
(4002, 'Cleaning', 'Resolved', 'Low', '2021-04-20', '2021-04-20', 800.00, 'Defrost and clean interior.', 3005),
(4004, 'Repair', 'Resolved', 'Low', '2021-05-10', '2021-05-10', 700.00, 'Replaced steam wand O-rings.', 3001),
(4001, 'Repair', 'In Progress', 'Medium', '2021-05-15', NULL, NULL, 'Gas smell when preheating.', 3002),
(4003, 'Replacement', 'Resolved', 'High', '2021-06-20', '2021-06-25', 65000.00, 'Fryer unit cracked. Replaced.', 3001),
(4004, 'Cleaning', 'Resolved', 'Low', '2021-07-05', '2021-07-05', 600.00, 'Descale cycle.', 3005),
(4005, 'Repair', 'Resolved', 'Medium', '2021-07-20', '2021-07-21', 2750.00, 'Mixing arm seized.', 3003),
(4002, 'Repair', 'Resolved', 'High', '2021-08-01', '2021-08-03', 8500.00, 'Replaced faulty compressor.', 3001),
(4001, 'Repair', 'Resolved', 'Medium', '2021-08-15', '2021-08-16', 1900.00, 'Fixed gas leak, replaced valve.', 3002),
(4003, 'Cleaning', 'In Progress', 'Low', '2021-09-01', NULL, NULL, 'New fryer needs first clean.', 3005),
(4004, 'Repair', 'Resolved', 'Medium', '2021-09-15', '2021-09-16', 1800.00, 'Control board unresponsive.', 3003),
(4002, 'Repair', 'In Progress', 'High', '2021-10-10', NULL, NULL, 'Freezer not holding temp.', 3001),
(4005, 'Cleaning', 'Resolved', 'Low', '2021-10-20', '2021-10-20', 500.00, 'Cleaned mixing hook.', 3003),
(4004, 'Cleaning', 'In Progress', 'Low', '2021-11-10', NULL, NULL, 'Milk frother clogged.', 3005),
(4001, 'Repair', 'Resolved', 'Medium', '2021-11-20', '2021-11-21', 2100.00, 'Door hinge broken.', 3003),
(4005, 'Cleaning', 'Resolved', 'Low', '2021-12-01', '2021-12-01', 500.00, 'Dough residue in motor.', 3003),
(4003, 'Repair', 'Resolved', 'High', '2021-12-10', '2021-12-12', 4200.00, 'Oil thermostat not accurate.', 3002),
(4002, 'Repair', 'In Progress', 'High', '2022-01-15', NULL, NULL, 'Compressor making loud noise.', 3001),
(4004, 'Cleaning', 'Resolved', 'Low', '2022-01-20', '2022-01-20', 600.00, 'Descale cycle needed.', 3005),
(4003, 'Repair', 'Resolved', 'Medium', '2022-02-10', '2022-02-11', 1800.00, 'Ignition pilot light out.', 3002),
(4001, 'Cleaning', 'Resolved', 'Low', '2022-02-25', '2022-02-25', 1000.00, 'Full degrease and clean.', 3005),
(4004, 'Replacement', 'Resolved', 'High', '2022-03-10', '2022-03-15', 35000.00, 'Main grinder unit failed. Replaced.', 3001),
(4005, 'Repair', 'Resolved', 'Medium', '2022-03-12', '2022-03-13', 2500.00, 'Gearbox slipping.', 3003),
(4002, 'Repair', 'Resolved', 'High', '2022-04-01', '2022-04-03', 7500.00, 'Replaced faulty compressor.', 3001),
(4003, 'Cleaning', 'Resolved', 'Low', '2022-04-15', '2022-04-15', 750.00, 'Deep clean of filter basket.', 3005),
(4004, 'Repair', 'In Progress', 'Medium', '2022-05-20', NULL, NULL, 'Portafilter handle cracked.', 3002),
(4001, 'Repair', 'Resolved', 'Medium', '2022-06-02', '2022-06-03', 1800.00, 'Igniter not working.', 3002),
(4003, 'Repair', 'Resolved', 'High', '2022-07-01', '2022-07-03', 3900.00, 'Heating element failed again.', 3002),
(4004, 'Others (In Description)', 'Resolved', 'Medium', '2022-07-15', '2022-07-16', 1300.00, 'Fixed cracked portafilter handle.', 3001),
(4002, 'Cleaning', 'Resolved', 'Low', '2022-08-10', '2022-08-10', 800.00, 'Defrost and clean interior.', 3005),
(4005, 'Repair', 'In Progress', 'Medium', '2022-08-30', NULL, NULL, 'Loud whining noise from motor.', 3003),
(4001, 'Repair', 'Resolved', 'Medium', '2022-09-05', '2022-09-06', 2200.00, 'Thermostat inaccurate.', 3001),
(4003, 'Cleaning', 'Resolved', 'Low', '2022-09-15', '2022-09-15', 750.00, 'Filter cleanout.', 3005),
(4004, 'Repair', 'Resolved', 'Medium', '2022-10-11', '2022-10-12', 1500.00, 'Water pump leaking.', 3002),
(4002, 'Repair', 'Resolved', 'Medium', '2022-11-01', '2022-11-02', 3000.00, 'Door seal replacement.', 3001),
(4003, 'Repair', 'Resolved', 'High', '2022-11-20', '2022-11-22', 4500.00, 'Basket lift motor failed.', 3003),
(4004, 'Others (In Description)', 'Resolved', 'Medium', '2022-12-05', '2022-12-06', 1500.00, 'Unknown water leak investigation.', 3001),
(4001, 'Cleaning', 'Resolved', 'Low', '2022-12-15', '2022-12-15', 1000.00, 'Full degrease and clean.', 3005),
(4005, 'Repair', 'Resolved', 'Medium', '2023-01-10', '2023-01-11', 2200.00, 'Replaced motor brushes.', 3003),
(4003, 'Repair', 'In Progress', 'High', '2023-02-01', NULL, NULL, 'Oil not heating again.', 3002),
(4002, 'Cleaning', 'Resolved', 'Low', '2023-02-20', '2023-02-20', 800.00, 'Defrost and clean interior.', 3005),
(4004, 'Repair', 'Resolved', 'Low', '2023-03-10', '2023-03-10', 700.00, 'Replaced steam wand O-rings.', 3001),
(4001, 'Repair', 'In Progress', 'Medium', '2023-03-15', NULL, NULL, 'Gas smell when preheating.', 3002),
(4003, 'Replacement', 'Resolved', 'High', '2023-04-20', '2023-04-25', 65000.00, 'Fryer unit cracked. Replaced.', 3001),
(4004, 'Cleaning', 'Resolved', 'Low', '2023-05-05', '2023-05-05', 600.00, 'Descale cycle.', 3005),
(4005, 'Repair', 'Resolved', 'Medium', '2023-05-20', '2023-05-21', 2750.00, 'Mixing arm seized.', 3003),
(4002, 'Repair', 'Resolved', 'High', '2023-06-01', '2023-06-03', 8500.00, 'Replaced faulty compressor.', 3001),
(4001, 'Repair', 'Resolved', 'Medium', '2023-06-15', '2023-06-16', 1900.00, 'Fixed gas leak, replaced valve.', 3002),
(4003, 'Cleaning', 'In Progress', 'Low', '2023-07-01', NULL, NULL, 'New fryer needs first clean.', 3005),
(4004, 'Repair', 'Resolved', 'Medium', '2023-07-15', '2023-07-16', 1800.00, 'Control board unresponsive.', 3003),
(4002, 'Repair', 'In Progress', 'High', '2023-08-10', NULL, NULL, 'Freezer not holding temp.', 3001),
(4005, 'Cleaning', 'Resolved', 'Low', '2023-08-20', '2023-08-20', 500.00, 'Cleaned mixing hook.', 3003),
(4004, 'Cleaning', 'In Progress', 'Low', '2023-09-10', NULL, NULL, 'Milk frother clogged.', 3005),
(4001, 'Repair', 'Resolved', 'Medium', '2023-09-20', '2023-09-21', 2100.00, 'Door hinge broken.', 3003),
(4005, 'Cleaning', 'Resolved', 'Low', '2023-10-01', '2023-10-01', 500.00, 'Dough residue in motor.', 3003),
(4003, 'Repair', 'Resolved', 'High', '2023-10-10', '2023-10-12', 4200.00, 'Oil thermostat not accurate.', 3002),
(4002, 'Repair', 'In Progress', 'High', '2023-11-15', NULL, NULL, 'Compressor making loud noise.', 3001),
(4004, 'Cleaning', 'Resolved', 'Low', '2023-11-20', '2023-11-20', 600.00, 'Descale cycle needed.', 3005),
(4003, 'Repair', 'Resolved', 'Medium', '2023-12-10', '2023-12-11', 1800.00, 'Ignition pilot light out.', 3002),
(4001, 'Cleaning', 'Resolved', 'Low', '2023-12-25', '2023-12-25', 1000.00, 'Full degrease and clean.', 3005),
(4004, 'Replacement', 'Resolved', 'High', '2024-01-10', '2024-01-15', 35000.00, 'Main grinder unit failed. Replaced.', 3001),
(4005, 'Repair', 'Resolved', 'Medium', '2024-01-12', '2024-01-13', 2500.00, 'Gearbox slipping.', 3003),
(4002, 'Repair', 'Resolved', 'High', '2024-02-01', '2024-02-03', 7500.00, 'Replaced faulty compressor.', 3001),
(4003, 'Cleaning', 'Resolved', 'Low', '2024-02-15', '2024-02-15', 750.00, 'Deep clean of filter basket.', 3005),
(4004, 'Repair', 'In Progress', 'Medium', '2024-03-20', NULL, NULL, 'Portafilter handle cracked.', 3002),
(4001, 'Repair', 'Resolved', 'Medium', '2024-04-02', '2024-04-03', 1800.00, 'Igniter not working.', 3002),
(4003, 'Repair', 'Resolved', 'High', '2024-05-01', '2024-05-03', 3900.00, 'Heating element failed again.', 3002),
(4004, 'Others (In Description)', 'Resolved', 'Medium', '2024-05-15', '2024-05-16', 1300.00, 'Fixed cracked portafilter handle.', 3001),
(4002, 'Cleaning', 'Resolved', 'Low', '2024-06-10', '2024-06-10', 800.00, 'Defrost and clean interior.', 3005),
(4005, 'Repair', 'In Progress', 'Medium', '2024-06-30', NULL, NULL, 'Loud whining noise from motor.', 3003),
(4001, 'Repair', 'Resolved', 'Medium', '2024-07-05', '2024-07-06', 2200.00, 'Thermostat inaccurate.', 3001),
(4003, 'Cleaning', 'Resolved', 'Low', '2024-07-15', '2024-07-15', 750.00, 'Filter cleanout.', 3005),
(4004, 'Repair', 'Resolved', 'Medium', '2024-08-11', '2024-08-12', 1500.00, 'Water pump leaking.', 3002),
(4002, 'Repair', 'Resolved', 'Medium', '2024-09-01', '2024-09-02', 3000.00, 'Door seal replacement.', 3001),
(4003, 'Repair', 'Resolved', 'High', '2024-09-20', '2024-09-22', 4500.00, 'Basket lift motor failed.', 3003),
(4004, 'Others (In Description)', 'Resolved', 'Medium', '2024-10-05', '2024-10-06', 1500.00, 'Unknown water leak investigation.', 3001),
(4001, 'Cleaning', 'Resolved', 'Low', '2024-10-15', '2024-10-15', 1000.00, 'Full degrease and clean.', 3005),
(4005, 'Repair', 'Resolved', 'Medium', '2024-11-10', '2024-11-11', 2200.00, 'Replaced motor brushes.', 3003),
(4003, 'Repair', 'In Progress', 'High', '2024-12-01', NULL, NULL, 'Oil not heating again.', 3002),
(4002, 'Cleaning', 'Resolved', 'Low', '2024-12-20', '2024-12-20', 800.00, 'Defrost and clean interior.', 3005),
(4004, 'Repair', 'Resolved', 'Low', '2025-01-10', '2025-01-10', 700.00, 'Replaced steam wand O-rings.', 3001),
(4001, 'Repair', 'In Progress', 'Medium', '2025-01-15', NULL, NULL, 'Gas smell when preheating.', 3002),
(4003, 'Replacement', 'Resolved', 'High', '2025-02-20', '2025-02-25', 65000.00, 'Fryer unit cracked. Replaced.', 3001),
(4004, 'Cleaning', 'Resolved', 'Low', '2025-03-05', '2025-03-05', 600.00, 'Descale cycle.', 3005),
(4005, 'Repair', 'Resolved', 'Medium', '2025-03-20', '2025-03-21', 2750.00, 'Mixing arm seized.', 3003),
(4002, 'Repair', 'Resolved', 'High', '2025-04-01', '2025-04-03', 8500.00, 'Replaced faulty compressor.', 3001),
(4001, 'Repair', 'Resolved', 'Medium', '2025-04-15', '2025-04-16', 1900.00, 'Fixed gas leak, replaced valve.', 3002),
(4003, 'Cleaning', 'In Progress', 'Low', '2025-05-01', NULL, NULL, 'New fryer needs first clean.', 3005),
(4004, 'Repair', 'Resolved', 'Medium', '2025-05-15', '2025-05-16', 1800.00, 'Control board unresponsive.', 3003),
(4002, 'Repair', 'In Progress', 'High', '2025-06-10', NULL, NULL, 'Freezer not holding temp.', 3001),
(4005, 'Cleaning', 'Resolved', 'Low', '2025-06-20', '2025-06-20', 500.00, 'Cleaned mixing hook.', 3003),
(4004, 'Cleaning', 'In Progress', 'Low', '2025-07-10', NULL, NULL, 'Milk frother clogged.', 3005),
(4001, 'Repair', 'Resolved', 'Medium', '2025-07-20', '2025-07-21', 2100.00, 'Door hinge broken.', 3003),
(4005, 'Cleaning', 'Resolved', 'Low', '2025-08-01', '2025-08-01', 500.00, 'Dough residue in motor.', 3003),
(4003, 'Repair', 'Resolved', 'High', '2025-08-10', '2025-08-12', 4200.00, 'Oil thermostat not accurate.', 3002),
(4002, 'Repair', 'In Progress', 'High', '2025-09-15', NULL, NULL, 'Compressor making loud noise.', 3001),
(4004, 'Cleaning', 'Resolved', 'Low', '2025-09-20', '2025-09-20', 600.00, 'Descale cycle needed.', 3005),
(4003, 'Repair', 'Resolved', 'Medium', '2025-10-10', '2025-10-11', 1800.00, 'Ignition pilot light out.', 3002),
(4001, 'Cleaning', 'Resolved', 'Low', '2025-10-25', '2025-10-25', 1000.00, 'Full degrease and clean.', 3005),
(4004, 'Replacement', 'In Progress', 'High', '2025-11-01', NULL, NULL, 'Main grinder unit failed. Needs replacement.', 3001),
(4005, 'Repair', 'Resolved', 'Medium', '2025-11-05', '2025-11-06', 2500.00, 'Gearbox slipping.', 3003),
(4002, 'Repair', 'Resolved', 'High', '2025-11-10', '2025-11-12', 7500.00, 'Replaced faulty compressor.', 3001),
(4001, 'Repair', 'Resolved', 'Medium', '2019-02-10', '2019-02-11', 2100.00, 'Door hinge broken.', 3003),
(4005, 'Cleaning', 'Resolved', 'Low', '2019-02-22', '2019-02-22', 500.00, 'Dough residue in motor.', 3003),
(4003, 'Repair', 'Resolved', 'High', '2019-03-01', '2019-03-03', 4200.00, 'Oil thermostat not accurate.', 3002),
(4002, 'Repair', 'In Progress', 'High', '2019-03-15', NULL, NULL, 'Compressor making loud noise.', 3001),
(4004, 'Cleaning', 'Resolved', 'Low', '2019-03-20', '2019-03-20', 600.00, 'Descale cycle needed.', 3005),
(4003, 'Repair', 'Resolved', 'Medium', '2019-04-10', '2019-04-11', 1800.00, 'Ignition pilot light out.', 3002),
(4001, 'Cleaning', 'Resolved', 'Low', '2019-04-25', '2019-04-25', 1000.00, 'Full degrease and clean.', 3005),
(4004, 'Replacement', 'Resolved', 'High', '2019-05-10', '2019-05-15', 35000.00, 'Main grinder unit failed. Replaced.', 3001),
(4005, 'Repair', 'Resolved', 'Medium', '2019-05-12', '2019-05-13', 2500.00, 'Gearbox slipping.', 3003),
(4002, 'Repair', 'Resolved', 'High', '2019-06-01', '2019-06-03', 7500.00, 'Replaced faulty compressor.', 3001),
(4003, 'Cleaning', 'Resolved', 'Low', '2019-06-15', '2019-06-15', 750.00, 'Deep clean of filter basket.', 3005),
(4004, 'Repair', 'In Progress', 'Medium', '2019-07-20', NULL, NULL, 'Portafilter handle cracked.', 3002),
(4001, 'Repair', 'Resolved', 'Medium', '2019-08-02', '2019-08-03', 1800.00, 'Igniter not working.', 3002),
(4003, 'Repair', 'Resolved', 'High', '2019-09-01', '2019-09-03', 3900.00, 'Heating element failed again.', 3002),
(4004, 'Others (In Description)', 'Resolved', 'Medium', '2019-09-15', '2019-09-16', 1300.00, 'Fixed cracked portafilter handle.', 3001),
(4002, 'Cleaning', 'Resolved', 'Low', '2019-10-10', '2019-10-10', 800.00, 'Defrost and clean interior.', 3005),
(4005, 'Repair', 'In Progress', 'Medium', '2019-10-30', NULL, NULL, 'Loud whining noise from motor.', 3003),
(4001, 'Repair', 'Resolved', 'Medium', '2019-11-05', '2019-11-06', 2200.00, 'Thermostat inaccurate.', 3001),
(4003, 'Cleaning', 'Resolved', 'Low', '2019-11-15', '2019-11-15', 750.00, 'Filter cleanout.', 3005),
(4004, 'Repair', 'Resolved', 'Medium', '2019-12-11', '2019-12-12', 1500.00, 'Water pump leaking.', 3002),
(4002, 'Repair', 'Resolved', 'Medium', '2020-01-01', '2020-01-02', 3000.00, 'Door seal replacement.', 3001),
(4003, 'Repair', 'Resolved', 'High', '2020-01-20', '2020-01-22', 4500.00, 'Basket lift motor failed.', 3003),
(4004, 'Others (In Description)', 'Resolved', 'Medium', '2020-02-05', '2020-02-06', 1500.00, 'Unknown water leak investigation.', 3001),
(4001, 'Cleaning', 'Resolved', 'Low', '2020-02-15', '2020-02-15', 1000.00, 'Full degrease and clean.', 3005),
(4005, 'Repair', 'Resolved', 'Medium', '2020-03-10', '2020-03-11', 2200.00, 'Replaced motor brushes.', 3003),
(4003, 'Repair', 'In Progress', 'High', '2020-04-01', NULL, NULL, 'Oil not heating again.', 3002),
(4002, 'Cleaning', 'Resolved', 'Low', '2020-04-20', '2020-04-20', 800.00, 'Defrost and clean interior.', 3005),
(4004, 'Repair', 'Resolved', 'Low', '2020-05-10', '2020-05-10', 700.00, 'Replaced steam wand O-rings.', 3001),
(4001, 'Repair', 'In Progress', 'Medium', '2020-05-15', NULL, NULL, 'Gas smell when preheating.', 3002),
(4003, 'Replacement', 'Resolved', 'High', '2020-06-20', '2020-06-25', 65000.00, 'Fryer unit cracked. Replaced.', 3001),
(4004, 'Cleaning', 'Resolved', 'Low', '2020-07-05', '2020-07-05', 600.00, 'Descale cycle.', 3005),
(4005, 'Repair', 'Resolved', 'Medium', '2020-07-20', '2020-07-21', 2750.00, 'Mixing arm seized.', 3003),
(4002, 'Repair', 'Resolved', 'High', '2020-08-01', '2020-08-03', 8500.00, 'Replaced faulty compressor.', 3001),
(4001, 'Repair', 'Resolved', 'Medium', '2020-08-15', '2020-08-16', 1900.00, 'Fixed gas leak, replaced valve.', 3002),
(4003, 'Cleaning', 'In Progress', 'Low', '2020-09-01', NULL, NULL, 'New fryer needs first clean.', 3005),
(4004, 'Repair', 'Resolved', 'Medium', '2020-09-15', '2020-09-16', 1800.00, 'Control board unresponsive.', 3003),
(4002, 'Repair', 'In Progress', 'High', '2020-10-10', NULL, NULL, 'Freezer not holding temp.', 3001),
(4005, 'Cleaning', 'Resolved', 'Low', '2020-10-20', '2020-10-20', 500.00, 'Cleaned mixing hook.', 3003),
(4004, 'Cleaning', 'In Progress', 'Low', '2020-11-10', NULL, NULL, 'Milk frother clogged.', 3005),
(4001, 'Repair', 'Resolved', 'Medium', '2020-11-20', '2020-11-21', 2100.00, 'Door hinge broken.', 3003),
(4005, 'Cleaning', 'Resolved', 'Low', '2020-12-01', '2020-12-01', 500.00, 'Dough residue in motor.', 3003),
(4003, 'Repair', 'Resolved', 'High', '2020-12-10', '2020-12-12', 4200.00, 'Oil thermostat not accurate.', 3002),
(4002, 'Repair', 'In Progress', 'High', '2021-01-15', NULL, NULL, 'Compressor making loud noise.', 3001),
(4004, 'Cleaning', 'Resolved', 'Low', '2021-01-20', '2021-01-20', 600.00, 'Descale cycle needed.', 3005),
(4003, 'Repair', 'Resolved', 'Medium', '2021-02-10', '2021-02-11', 1800.00, 'Ignition pilot light out.', 3002),
(4001, 'Cleaning', 'Resolved', 'Low', '2021-02-25', '2021-02-25', 1000.00, 'Full degrease and clean.', 3005),
(4004, 'Replacement', 'Resolved', 'High', '2021-03-10', '2021-03-15', 35000.00, 'Main grinder unit failed. Replaced.', 3001),
(4005, 'Repair', 'Resolved', 'Medium', '2021-03-12', '2021-03-13', 2500.00, 'Gearbox slipping.', 3003),
(4002, 'Repair', 'Resolved', 'High', '2021-04-01', '2021-04-03', 7500.00, 'Replaced faulty compressor.', 3001),
(4003, 'Cleaning', 'Resolved', 'Low', '2021-04-15', '2021-04-15', 750.00, 'Deep clean of filter basket.', 3005),
(4004, 'Repair', 'In Progress', 'Medium', '2021-05-20', NULL, NULL, 'Portafilter handle cracked.', 3002),
(4001, 'Repair', 'Resolved', 'Medium', '2021-06-02', '2021-06-03', 1800.00, 'Igniter not working.', 3002),
(4003, 'Repair', 'Resolved', 'High', '2021-07-01', '2021-07-03', 3900.00, 'Heating element failed again.', 3002),
(4004, 'Others (In Description)', 'Resolved', 'Medium', '2021-07-15', '2021-07-16', 1300.00, 'Fixed cracked portafilter handle.', 3001),
(4002, 'Cleaning', 'Resolved', 'Low', '2021-08-10', '2021-08-10', 800.00, 'Defrost and clean interior.', 3005),
(4005, 'Repair', 'In Progress', 'Medium', '2021-08-30', NULL, NULL, 'Loud whining noise from motor.', 3003),
(4001, 'Repair', 'Resolved', 'Medium', '2021-09-05', '2021-09-06', 2200.00, 'Thermostat inaccurate.', 3001),
(4003, 'Cleaning', 'Resolved', 'Low', '2021-09-15', '2021-09-15', 750.00, 'Filter cleanout.', 3005),
(4004, 'Repair', 'Resolved', 'Medium', '2021-10-11', '2021-10-12', 1500.00, 'Water pump leaking.', 3002),
(4002, 'Repair', 'Resolved', 'Medium', '2021-11-01', '2021-11-02', 3000.00, 'Door seal replacement.', 3001),
(4003, 'Repair', 'Resolved', 'High', '2021-11-20', '2021-11-22', 4500.00, 'Basket lift motor failed.', 3003),
(4004, 'Others (In Description)', 'Resolved', 'Medium', '2021-12-05', '2021-12-06', 1500.00, 'Unknown water leak investigation.', 3001),
(4001, 'Cleaning', 'Resolved', 'Low', '2021-12-15', '2021-12-15', 1000.00, 'Full degrease and clean.', 3005),
(4005, 'Repair', 'Resolved', 'Medium', '2022-01-10', '2022-01-11', 2200.00, 'Replaced motor brushes.', 3003),
(4003, 'Repair', 'In Progress', 'High', '2022-02-01', NULL, NULL, 'Oil not heating again.', 3002),
(4002, 'Cleaning', 'Resolved', 'Low', '2022-02-20', '2022-02-20', 800.00, 'Defrost and clean interior.', 3005),
(4004, 'Repair', 'Resolved', 'Low', '2022-03-10', '2022-03-10', 700.00, 'Replaced steam wand O-rings.', 3001),
(4001, 'Repair', 'In Progress', 'Medium', '2022-03-15', NULL, NULL, 'Gas smell when preheating.', 3002),
(4003, 'Replacement', 'Resolved', 'High', '2022-04-20', '2022-04-25', 65000.00, 'Fryer unit cracked. Replaced.', 3001),
(4004, 'Cleaning', 'Resolved', 'Low', '2022-05-05', '2022-05-05', 600.00, 'Descale cycle.', 3005),
(4005, 'Repair', 'Resolved', 'Medium', '2022-05-20', '2022-05-21', 2750.00, 'Mixing arm seized.', 3003),
(4002, 'Repair', 'Resolved', 'High', '2022-06-01', '2022-06-03', 8500.00, 'Replaced faulty compressor.', 3001),
(4001, 'Repair', 'Resolved', 'Medium', '2022-06-15', '2022-06-16', 1900.00, 'Fixed gas leak, replaced valve.', 3002),
(4003, 'Cleaning', 'In Progress', 'Low', '2022-07-01', NULL, NULL, 'New fryer needs first clean.', 3005),
(4004, 'Repair', 'Resolved', 'Medium', '2022-07-15', '2022-07-16', 1800.00, 'Control board unresponsive.', 3003),
(4002, 'Repair', 'In Progress', 'High', '2022-08-10', NULL, NULL, 'Freezer not holding temp.', 3001),
(4005, 'Cleaning', 'Resolved', 'Low', '2022-08-20', '2022-08-20', 500.00, 'Cleaned mixing hook.', 3003),
(4004, 'Cleaning', 'In Progress', 'Low', '2022-09-10', NULL, NULL, 'Milk frother clogged.', 3005),
(4001, 'Repair', 'Resolved', 'Medium', '2022-09-20', '2022-09-21', 2100.00, 'Door hinge broken.', 3003),
(4005, 'Cleaning', 'Resolved', 'Low', '2022-10-01', '2022-10-01', 500.00, 'Dough residue in motor.', 3003),
(4003, 'Repair', 'Resolved', 'High', '2022-10-10', '2022-10-12', 4200.00, 'Oil thermostat not accurate.', 3002),
(4002, 'Repair', 'In Progress', 'High', '2022-11-15', NULL, NULL, 'Compressor making loud noise.', 3001),
(4004, 'Cleaning', 'Resolved', 'Low', '2022-11-20', '2022-11-20', 600.00, 'Descale cycle needed.', 3005),
(4003, 'Repair', 'Resolved', 'Medium', '2022-12-10', '2022-12-11', 1800.00, 'Ignition pilot light out.', 3002),
(4001, 'Cleaning', 'Resolved', 'Low', '2022-12-25', '2022-12-25', 1000.00, 'Full degrease and clean.', 3005),
(4004, 'Replacement', 'Resolved', 'High', '2023-01-10', '2023-01-15', 35000.00, 'Main grinder unit failed. Replaced.', 3001),
(4005, 'Repair', 'Resolved', 'Medium', '2023-01-12', '2023-01-13', 2500.00, 'Gearbox slipping.', 3003),
(4002, 'Repair', 'Resolved', 'High', '2023-02-01', '2023-02-03', 7500.00, 'Replaced faulty compressor.', 3001),
(4003, 'Cleaning', 'Resolved', 'Low', '2023-02-15', '2023-02-15', 750.00, 'Deep clean of filter basket.', 3005),
(4004, 'Repair', 'In Progress', 'Medium', '2023-03-20', NULL, NULL, 'Portafilter handle cracked.', 3002),
(4001, 'Repair', 'Resolved', 'Medium', '2023-04-02', '2023-04-03', 1800.00, 'Igniter not working.', 3002),
(4003, 'Repair', 'Resolved', 'High', '2023-05-01', '2023-05-03', 3900.00, 'Heating element failed again.', 3002),
(4004, 'Others (In Description)', 'Resolved', 'Medium', '2023-05-15', '2023-05-16', 1300.00, 'Fixed cracked portafilter handle.', 3001),
(4002, 'Cleaning', 'Resolved', 'Low', '2023-06-10', '2023-06-10', 800.00, 'Defrost and clean interior.', 3005),
(4005, 'Repair', 'In Progress', 'Medium', '2023-06-30', NULL, NULL, 'Loud whining noise from motor.', 3003),
(4001, 'Repair', 'Resolved', 'Medium', '2023-07-05', '2023-07-06', 2200.00, 'Thermostat inaccurate.', 3001),
(4003, 'Cleaning', 'Resolved', 'Low', '2023-07-15', '2023-07-15', 750.00, 'Filter cleanout.', 3005),
(4004, 'Repair', 'Resolved', 'Medium', '2023-08-11', '2023-08-12', 1500.00, 'Water pump leaking.', 3002),
(4002, 'Repair', 'Resolved', 'Medium', '2023-09-01', '2023-09-02', 3000.00, 'Door seal replacement.', 3001),
(4003, 'Repair', 'Resolved', 'High', '2023-09-20', '2023-09-22', 4500.00, 'Basket lift motor failed.', 3003),
(4004, 'Others (In Description)', 'Resolved', 'Medium', '2023-10-05', '2023-10-06', 1500.00, 'Unknown water leak investigation.', 3001),
(4001, 'Cleaning', 'Resolved', 'Low', '2023-10-15', '2023-10-15', 1000.00, 'Full degrease and clean.', 3005),
(4005, 'Repair', 'Resolved', 'Medium', '2023-11-10', '2023-11-11', 2200.00, 'Replaced motor brushes.', 3003),
(4003, 'Repair', 'In Progress', 'High', '2023-12-01', NULL, NULL, 'Oil not heating again.', 3002),
(4002, 'Cleaning', 'Resolved', 'Low', '2023-12-20', '2023-12-20', 800.00, 'Defrost and clean interior.', 3005),
(4004, 'Repair', 'Resolved', 'Low', '2024-01-10', '2024-01-10', 700.00, 'Replaced steam wand O-rings.', 3001),
(4001, 'Repair', 'In Progress', 'Medium', '2024-01-15', NULL, NULL, 'Gas smell when preheating.', 3002),
(4003, 'Replacement', 'Resolved', 'High', '2024-02-20', '2024-02-25', 65000.00, 'Fryer unit cracked. Replaced.', 3001),
(4004, 'Cleaning', 'Resolved', 'Low', '2024-03-05', '2024-03-05', 600.00, 'Descale cycle.', 3005),
(4005, 'Repair', 'Resolved', 'Medium', '2024-03-20', '2024-03-21', 2750.00, 'Mixing arm seized.', 3003),
(4002, 'Repair', 'Resolved', 'High', '2024-04-01', '2024-04-03', 8500.00, 'Replaced faulty compressor.', 3001),
(4001, 'Repair', 'Resolved', 'Medium', '2024-04-15', '2024-04-16', 1900.00, 'Fixed gas leak, replaced valve.', 3002),
(4003, 'Cleaning', 'In Progress', 'Low', '2024-05-01', NULL, NULL, 'New fryer needs first clean.', 3005),
(4004, 'Repair', 'Resolved', 'Medium', '2024-05-15', '2024-05-16', 1800.00, 'Control board unresponsive.', 3003),
(4002, 'Repair', 'In Progress', 'High', '2024-06-10', NULL, NULL, 'Freezer not holding temp.', 3001),
(4005, 'Cleaning', 'Resolved', 'Low', '2024-06-20', '2024-06-20', 500.00, 'Cleaned mixing hook.', 3003),
(4004, 'Cleaning', 'In Progress', 'Low', '2024-07-10', NULL, NULL, 'Milk frother clogged.', 3005),
(4001, 'Repair', 'Resolved', 'Medium', '2024-07-20', '2024-07-21', 2100.00, 'Door hinge broken.', 3003),
(4005, 'Cleaning', 'Resolved', 'Low', '2024-08-01', '2024-08-01', 500.00, 'Dough residue in motor.', 3003),
(4003, 'Repair', 'Resolved', 'High', '2024-08-10', '2024-08-12', 4200.00, 'Oil thermostat not accurate.', 3002),
(4002, 'Repair', 'In Progress', 'High', '2024-09-15', NULL, NULL, 'Compressor making loud noise.', 3001),
(4004, 'Cleaning', 'Resolved', 'Low', '2024-09-20', '2024-09-20', 600.00, 'Descale cycle needed.', 3005),
(4003, 'Repair', 'Resolved', 'Medium', '2024-10-10', '2024-10-11', 1800.00, 'Ignition pilot light out.', 3002),
(4001, 'Cleaning', 'Resolved', 'Low', '2024-10-25', '2024-10-25', 1000.00, 'Full degrease and clean.', 3005),
(4004, 'Replacement', 'In Progress', 'High', '2024-11-01', NULL, NULL, 'Main grinder unit failed. Needs replacement.', 3001),
(4005, 'Repair', 'Resolved', 'Medium', '2024-11-05', '2024-11-06', 2500.00, 'Gearbox slipping.', 3003),
(4002, 'Repair', 'Resolved', 'High', '2024-11-10', '2024-11-12', 7500.00, 'Replaced faulty compressor.', 3001),
(4003, 'Cleaning', 'Resolved', 'Low', '2024-11-15', '2024-11-15', 750.00, 'Deep clean of filter basket.', 3005),
(4004, 'Repair', 'In Progress', 'Medium', '2024-12-20', NULL, NULL, 'Portafilter handle cracked.', 3002),
(4001, 'Repair', 'Resolved', 'Medium', '2025-01-02', '2025-01-03', 1800.00, 'Igniter not working.', 3002),
(4003, 'Repair', 'Resolved', 'High', '2025-02-01', '2025-02-03', 3900.00, 'Heating element failed again.', 3002),
(4004, 'Others (In Description)', 'Resolved', 'Medium', '2025-02-15', '2025-02-16', 1300.00, 'Fixed cracked portafilter handle.', 3001),
(4002, 'Cleaning', 'Resolved', 'Low', '2025-03-10', '2025-03-10', 800.00, 'Defrost and clean interior.', 3005),
(4005, 'Repair', 'In Progress', 'Medium', '2025-03-30', NULL, NULL, 'Loud whining noise from motor.', 3003),
(4001, 'Repair', 'Resolved', 'Medium', '2025-04-05', '2025-04-06', 2200.00, 'Thermostat inaccurate.', 3001),
(4003, 'Cleaning', 'Resolved', 'Low', '2025-04-15', '2025-04-15', 750.00, 'Filter cleanout.', 3005),
(4004, 'Repair', 'Resolved', 'Medium', '2025-05-11', '2025-05-12', 1500.00, 'Water pump leaking.', 3002),
(4002, 'Repair', 'Resolved', 'Medium', '2025-06-01', '2025-06-02', 3000.00, 'Door seal replacement.', 3001),
(4003, 'Repair', 'Resolved', 'High', '2025-06-20', '2025-06-22', 4500.00, 'Basket lift motor failed.', 3003),
(4004, 'Others (In Description)', 'Resolved', 'Medium', '2025-07-05', '2025-07-06', 1500.00, 'Unknown water leak investigation.', 3001),
(4001, 'Cleaning', 'Resolved', 'Low', '2025-07-15', '2025-07-15', 1000.00, 'Full degrease and clean.', 3005),
(4005, 'Repair', 'Resolved', 'Medium', '2025-08-10', '2025-08-11', 2200.00, 'Replaced motor brushes.', 3003),
(4003, 'Repair', 'In Progress', 'High', '2025-09-01', NULL, NULL, 'Oil not heating again.', 3002),
(4002, 'Cleaning', 'Resolved', 'Low', '2025-09-20', '2025-09-20', 800.00, 'Defrost and clean interior.', 3005),
(4004, 'Repair', 'Resolved', 'Low', '2025-10-10', '2025-10-10', 700.00, 'Replaced steam wand O-rings.', 3001),
(4001, 'Repair', 'In Progress', 'Medium', '2025-10-15', NULL, NULL, 'Gas smell when preheating.', 3002),
(4003, 'Replacement', 'Resolved', 'High', '2025-10-20', '2025-10-25', 65000.00, 'Fryer unit cracked. Replaced.', 3001),
(4004, 'Cleaning', 'Resolved', 'Low', '2025-11-05', '2025-11-05', 600.00, 'Descale cycle.', 3005),
(4005, 'Repair', 'In Progress', 'Medium', '2025-11-10', NULL, NULL, 'Mixing arm seized.', 3003);
