
INSERT INTO Kitchenstations (stationID, stationName, stationDescription)
VALUES
('1001', 'Grill Station', 'Used for grilling meats, burgers, and seafood'),
('1002', 'Fryer Station', 'Used for deep frying items such as fries, nuggets, and tempura'),
('1003', 'Salad Station', 'Used for preparing salads, fruits, and cold appetizers'),
('1004', 'Soup Station', 'Used for preparing soups, stews, and broths'),
('1005', 'Beverage Station', 'Used for preparing and serving drinks, coffee, and smoothies'),
('1006', 'Dessert Station', 'Used for plating and decorating desserts and pastries'),
('1007', 'Sandwich Station', 'Used for assembling sandwiches, wraps, and paninis'),
('1008', 'Pizza Station', 'Used for baking pizzas and flatbreads with various toppings'),
('1009', 'Pasta Station', 'Used for cooking and plating pasta dishes'),
('1010', 'Cleaning Station', 'Used for cleaning utensils, dishes, and trays'),
('1011', 'Griddle Station', 'Used for cooking pancakes, eggs, and breakfast foods'),
('1012', 'BBQ Station', 'Used for barbecue-style items and open flame grilling'),
('1013', 'Wok Station', 'Used for stir-fry dishes, noodles, and Asian cuisine'),
('1014', 'Steam Station', 'Used for steaming dumplings, vegetables, and buns'),
('1015', 'Prep Station', 'Used for ingredient preparation and portioning'),
('1016', 'Cold Cuts Station', 'Used for slicing meats, cheeses, and deli ingredients'),
('1017', 'Bakery Station', 'Used for baking bread, muffins, and cakes'),
('1018', 'Toppings Station', 'Used for adding sauces, garnishes, and condiments'),
('1019', 'Oven Station', 'Used for roasting and baking large dishes'),
('1020', 'Storage Station', 'Used for temporary holding of ingredients before use');


INSERT INTO MenuItems (ItemID, ItemName, PricePerItem, ItemDescription, StationID)
VALUES
('2001', 'Grilled Chicken Sandwich', 155.00, 'Grilled chicken breast sandwich with lettuce and mayo', '1001'),
('2002', 'BBQ Pork Ribs', 250.00, 'Slow-cooked pork ribs with BBQ glaze', '1012'),
('2003', 'Beef Burger', 180.00, 'Classic burger with cheese, tomato, and lettuce', '1001'),
('2004', 'Fish and Chips', 170.00, 'Crispy battered fish with fries', '1002'),
('2005', 'French Fries', 85.00, 'Golden fried potato strips', '1002'),
('2006', 'Onion Rings', 90.00, 'Deep fried onion rings with seasoning', '1002'),
('2007', 'Caesar Salad', 120.00, 'Romaine lettuce, croutons, and Caesar dressing', '1003'),
('2008', 'Greek Salad', 130.00, 'Fresh veggies with feta cheese and olive oil', '1003'),
('2009', 'Chicken Noodle Soup', 110.00, 'Warm chicken soup with noodles', '1004'),
('2010', 'Mushroom Soup', 115.00, 'Creamy mushroom soup', '1004'),
('2011', 'Chocolate Cake', 95.00, 'Moist chocolate cake slice', '1006'),
('2012', 'Vanilla Cupcake', 70.00, 'Soft cupcake with vanilla frosting', '1006'),
('2013', 'Iced Coffee', 65.00, 'Cold brewed coffee with milk', '1005'),
('2014', 'Lemon Iced Tea', 60.00, 'Refreshing iced tea with lemon', '1005'),
('2015', 'Margherita Pizza', 220.00, 'Classic cheese and tomato pizza', '1008'),
('2016', 'Pepperoni Pizza', 240.00, 'Pizza topped with mozzarella and pepperoni', '1008'),
('2017', 'Spaghetti Bolognese', 195.00, 'Pasta with meat sauce and parmesan cheese', '1009'),
('2018', 'Carbonara', 200.00, 'Creamy pasta with bacon and egg sauce', '1009'),
('2019', 'Pancakes', 140.00, 'Fluffy pancakes with syrup', '1011'),
('2020', 'Scrambled Eggs', 90.00, 'Lightly seasoned scrambled eggs', '1011'),
('2021', 'Chicken Wrap', 150.00, 'Grilled chicken wrap with vegetables', '1007'),
('2022', 'Tuna Sandwich', 130.00, 'Tuna salad sandwich with mayo', '1007'),
('2023', 'Fried Rice', 110.00, 'Rice stir-fried with vegetables and egg', '1013'),
('2024', 'Sweet and Sour Pork', 185.00, 'Crispy pork in sweet and sour sauce', '1013'),
('2025', 'Steamed Dumplings', 160.00, 'Dumplings filled with pork and cabbage', '1014'),
('2026', 'Steamed Buns', 90.00, 'Soft buns filled with sweet red bean paste', '1014'),
('2027', 'Garlic Bread', 80.00, 'Toasted bread with garlic butter', '1017'),
('2028', 'Croissant', 100.00, 'Buttery flaky French pastry', '1017'),
('2029', 'Roast Chicken', 240.00, 'Oven-roasted chicken with herbs', '1019'),
('2030', 'Lasagna', 230.00, 'Layered pasta with meat and cheese', '1019');


INSERT INTO KitchenStaff (StaffID, UserID, FirstName, LastName, Role, EmploymentStatus)
VALUES
('3001', 'john.williams', 'John', 'Williams', 'Head Chef', 'Active'),
('3002', 'maria.santos', 'Maria', 'Santos', 'Sous Chef', 'Active'),
('3003', 'leo.reyes', 'Leo', 'Reyes', 'Cook', 'Active'),
('3004', 'angel.diaz', 'Angel', 'Diaz', 'Cook', 'Active'),
('3005', 'karen.lim', 'Karen', 'Lim', 'Pastry Chef', 'Active'),
('3006', 'paul.garcia', 'Paul', 'Garcia', 'Grill Cook', 'Active'),
('3007', 'ryan.tan', 'Ryan', 'Tan', 'Fryer Operator', 'Active'),
('3008', 'ella.cruz', 'Ella', 'Cruz', 'Salad Prep', 'Active'),
('3009', 'joshua.lee', 'Joshua', 'Lee', 'Soup Cook', 'Active'),
('3010', 'sophia.ong', 'Sophia', 'Ong', 'Barista', 'Active'),
('3011', 'andrew.delacruz', 'Andrew', 'Dela Cruz', 'Dishwasher', 'Active'),
('3012', 'michelle.go', 'Michelle', 'Go', 'Cashier', 'Active'),
('3013', 'daniel.chua', 'Daniel', 'Chua', 'Maintenance', 'Active'),
('3014', 'nina.lopez', 'Nina', 'Lopez', 'Assistant Cook', 'Active'),
('3015', 'patrick.gomez', 'Patrick', 'Gomez', 'Server', 'Active'),
('3016', 'oliver.chan', 'Oliver', 'Chan', 'Server', 'Active'),
('3017', 'emily.rodriguez', 'Emily', 'Rodriguez', 'Kitchen Helper', 'Active'),
('3018', 'charles.yu', 'Charles', 'Yu', 'Stock Clerk', 'Active'),
('3019', 'rachel.fernandez', 'Rachel', 'Fernandez', 'Inventory Manager', 'Active'),
('3020', 'brian.mendoza', 'Brian', 'Mendoza', 'Cleaner', 'Active');

INSERT INTO Equipments (EquipmentID, EquipmentName, Category, Brand, Description, SupplierName, ContactNumber, EmailAddress)
VALUES
('4001', 'Deep Fryer', 'Cooking Equipment', 'Philips', 'Used for frying fries, nuggets, and other items', 'J&J Kitchen Supplies', '0917-222-1111', 'sales@jjkitchen.com'),
('4002', 'Grill Machine', 'Cooking Equipment', 'Imarflex', 'Used for grilling burgers, steaks, and sandwiches', 'Metro Kitchen Co.', '0920-555-8888', 'support@metrokitchen.ph'),
('4003', 'Refrigerator', 'Refrigeration', 'LG', 'Used for storing perishable goods', 'ColdTech Corp.', '0919-888-7777', 'service@coldtech.com'),
('4004', 'Oven', 'Cooking Equipment', 'La Germania', 'Used for baking and roasting dishes', 'Appliance Depot', '0999-222-3333', 'info@appliancedepot.ph'),
('4005', 'Blender', 'Beverage Equipment', 'Oster', 'Used for making smoothies and shakes', 'Fresh Drinks Supply', '0918-333-4444', 'inquiry@fdsupply.com'),
('4006', 'Coffee Maker', 'Beverage Equipment', 'DeLonghi', 'Used for brewing coffee and espresso', 'BrewTech Distribution', '0917-666-7890', 'contact@brewtech.com'),
('4007', 'Microwave Oven', 'Cooking Equipment', 'Sharp', 'Used for reheating and defrosting food', 'Modern Appliance Center', '0921-888-9000', 'sales@modernappliance.com'),
('4008', 'Dishwasher', 'Cleaning Equipment', 'Whirlpool', 'Used for cleaning dishes automatically', 'EcoClean Systems', '0935-777-1212', 'support@ecoclean.com'),
('4009', 'Mixer', 'Baking Equipment', 'KitchenAid', 'Used for mixing doughs and batters', 'BakeMart Inc.', '0948-222-8899', 'service@bakemart.com'),
('4010', 'Rice Cooker', 'Cooking Equipment', 'Panasonic', 'Used for cooking rice and keeping it warm', 'Asian Kitchen Supply', '0922-777-5555', 'orders@asiankitchen.ph'),
('4011', 'Freezer', 'Refrigeration', 'Samsung', 'Used for freezing meat and seafood', 'ColdTech Corp.', '0919-888-7777', 'service@coldtech.com'),
('4012', 'Food Processor', 'Preparation Equipment', 'Cuisinart', 'Used for slicing, dicing, and chopping vegetables', 'KitchenWorks PH', '0917-909-1111', 'hello@kitchenworks.com'),
('4013', 'Toaster', 'Cooking Equipment', 'Breville', 'Used for toasting bread and pastries', 'Appliance Depot', '0999-222-3333', 'info@appliancedepot.ph'),
('4014', 'Steam Cooker', 'Cooking Equipment', 'Tefal', 'Used for steaming dumplings and vegetables', 'Asian Kitchen Supply', '0922-777-5555', 'orders@asiankitchen.ph'),
('4015', 'Electric Kettle', 'Beverage Equipment', 'Russell Hobbs', 'Used for boiling water quickly', 'Fresh Drinks Supply', '0918-333-4444', 'inquiry@fdsupply.com'),
('4016', 'Ice Machine', 'Refrigeration', 'Hoshizaki', 'Used for producing ice cubes for beverages', 'CoolServe Distributors', '0930-555-9911', 'support@coolserve.com'),
('4017', 'Convection Oven', 'Cooking Equipment', 'Electrolux', 'Used for baking with even heat distribution', 'Metro Kitchen Co.', '0920-555-8888', 'support@metrokitchen.ph'),
('4018', 'Griddle', 'Cooking Equipment', 'Imarflex', 'Used for cooking pancakes, eggs, and bacon', 'J&J Kitchen Supplies', '0917-222-1111', 'sales@jjkitchen.com'),
('4019', 'Water Dispenser', 'Beverage Equipment', 'Fujidenzo', 'Used for dispensing hot and cold water', 'Fresh Drinks Supply', '0918-333-4444', 'inquiry@fdsupply.com'),
('4020', 'Meat Slicer', 'Preparation Equipment', 'Chef’s Choice', 'Used for slicing meat and deli products', 'KitchenWorks PH', '0917-909-1111', 'hello@kitchenworks.com');
